{
    "value0": {
        "T_imu_cam": [
            {
                "px": 0.006,
                "py": -0.005,
                "pz": -0.012,
                "qx": 0.0,
                "qy": 0.0,
                "qz": 0.0,
                "qw": 1.0
            },
            {
                "px": -0.044,
                "py": -0.005,
                "pz": -0.012,
                "qx": 0.0,
                "qy": 0.0,
                "qz": 0.0,
                "qw": 1.0
            }
        ],
        "intrinsics": [
            {
                "camera_type": "pinhole",
                "intrinsics": {
                    "fx": 0.496,
                    "fy": -0.059,
                    "cx": 0.500,
                    "cy": 0.070
                }
            },
            {
                "camera_type": "pinhole",
                "intrinsics": {
                    "fx": 0.495,
                    "fy": -0.059,
                    "cx": 0.504,
                    "cy": 0.071
                }
            }
        ],
        "resolution": [
            [
                640,
                360
            ],
            [
                640,
                360
            ]
        ],
        "calib_accel_bias": [
            0.0,
            0.0,
            0.0,
            0.0,
            0.0,
            0.0,
            0.0,
            0.0,
            0.0
        ],
        "calib_gyro_bias": [
            0.0,
            0.0,
            0.0,
            0.0,
            0.0,
            0.0,
            0.0,
            0.0,
            0.0,
            0.0,
            0.0,
            0.0
        ],
        "imu_update_rate": 200.0,
        "accel_noise_std": [
            0.008182447828798795,
            0.008182447828798795,
            0.008182447828798795
        ],
        "gyro_noise_std": [
            0.002268927090244338,
            0.002268927090244338,
            0.002268927090244338
        ],
        "accel_bias_std": [
            0.009999999873689375,
            0.009999999873689375,
            0.009999999873689375
        ],
        "gyro_bias_std": [
            0.0007071067802939111,
            0.0007071067802939111,
            0.0007071067802939111
        ],
        "cam_time_offset_ns": 0,
        "vignette": []
    }
}
